[
  {
    "name": "fc1",
    "type": "Dense",
    "config": {
      "name": "fc1",
      "trainable": true,
      "dtype": {
        "module": "keras",
        "class_name": "DTypePolicy",
        "config": {
          "name": "float32"
        },
        "registered_name": null
      },
      "units": 200,
      "activation": "relu",
      "use_bias": true,
      "kernel_initializer": {
        "module": "keras.initializers",
        "class_name": "GlorotUniform",
        "config": {
          "seed": null
        },
        "registered_name": null
      },
      "bias_initializer": {
        "module": "keras.initializers",
        "class_name": "Zeros",
        "config": {},
        "registered_name": null
      },
      "kernel_regularizer": null,
      "bias_regularizer": null,
      "kernel_constraint": null,
      "bias_constraint": null
    },
    "weights": [
      "fc1_0",
      "fc1_1"
    ]
  },
  {
    "name": "fc2",
    "type": "Dense",
    "config": {
      "name": "fc2",
      "trainable": true,
      "dtype": {
        "module": "keras",
        "class_name": "DTypePolicy",
        "config": {
          "name": "float32"
        },
        "registered_name": null
      },
      "units": 100,
      "activation": "relu",
      "use_bias": true,
      "kernel_initializer": {
        "module": "keras.initializers",
        "class_name": "GlorotUniform",
        "config": {
          "seed": null
        },
        "registered_name": null
      },
      "bias_initializer": {
        "module": "keras.initializers",
        "class_name": "Zeros",
        "config": {},
        "registered_name": null
      },
      "kernel_regularizer": null,
      "bias_regularizer": null,
      "kernel_constraint": null,
      "bias_constraint": null
    },
    "weights": [
      "fc2_0",
      "fc2_1"
    ]
  },
  {
    "name": "fc3",
    "type": "Dense",
    "config": {
      "name": "fc3",
      "trainable": true,
      "dtype": {
        "module": "keras",
        "class_name": "DTypePolicy",
        "config": {
          "name": "float32"
        },
        "registered_name": null
      },
      "units": 50,
      "activation": "relu",
      "use_bias": true,
      "kernel_initializer": {
        "module": "keras.initializers",
        "class_name": "GlorotUniform",
        "config": {
          "seed": null
        },
        "registered_name": null
      },
      "bias_initializer": {
        "module": "keras.initializers",
        "class_name": "Zeros",
        "config": {},
        "registered_name": null
      },
      "kernel_regularizer": null,
      "bias_regularizer": null,
      "kernel_constraint": null,
      "bias_constraint": null
    },
    "weights": [
      "fc3_0",
      "fc3_1"
    ]
  },
  {
    "name": "output",
    "type": "Dense",
    "config": {
      "name": "output",
      "trainable": true,
      "dtype": {
        "module": "keras",
        "class_name": "DTypePolicy",
        "config": {
          "name": "float32"
        },
        "registered_name": null
      },
      "units": 10,
      "activation": "softmax",
      "use_bias": true,
      "kernel_initializer": {
        "module": "keras.initializers",
        "class_name": "GlorotUniform",
        "config": {
          "seed": null
        },
        "registered_name": null
      },
      "bias_initializer": {
        "module": "keras.initializers",
        "class_name": "Zeros",
        "config": {},
        "registered_name": null
      },
      "kernel_regularizer": null,
      "bias_regularizer": null,
      "kernel_constraint": null,
      "bias_constraint": null
    },
    "weights": [
      "output_0",
      "output_1"
    ]
  }
]